dataset	record_type	gate	biological_unit	rabbit_id	condition_or_day	module	selected_cell_count	module_score	injured_minus_control_residual	day7_mean_residual	day28_mean_residual	cross_sectional_day7_minus_day28	direction
GSE328779	eye_score	PRIMARY_ROUGH_CELL_TYPE	GSM9689606	594E	Day7_FI	Contractile	4553.0	0.7224473177697301					
GSE328779	eye_score	PRIMARY_ROUGH_CELL_TYPE	GSM9689606	594E	Day7_FI	Matricellular	4553.0	0.28636449359234084					
GSE328779	eye_score	PRIMARY_ROUGH_CELL_TYPE	GSM9689606	594E	Day7_FI	LOX/LOXL2	4553.0	0.67278169590329					
GSE328779	eye_score	PRIMARY_ROUGH_CELL_TYPE	GSM9689606	594E	Day7_FI	ECM remodeling	4553.0	0.2791946228023841					
GSE328779	eye_score	PRIMARY_ROUGH_CELL_TYPE	GSM9689606	594E	Day7_FI	Keratocyte-associated identity	4553.0	0.4537175846391019					
GSE328779	eye_score	PRIMARY_ROUGH_CELL_TYPE	GSM9689606	594E	Day7_FI	Inflammation-associated response	4553.0	0.2116029853762726					
GSE328779	eye_score	PRIMARY_ROUGH_CELL_TYPE	GSM9689606	594E	Day7_FI	Collagen	4553.0	0.818511595315605					
GSE328779	eye_score	PRIMARY_ROUGH_CELL_TYPE	GSM9689607	616E	Day7_FI	Contractile	3859.0	0.6498295186991813					
GSE328779	eye_score	PRIMARY_ROUGH_CELL_TYPE	GSM9689607	616E	Day7_FI	Matricellular	3859.0	0.3614195646912536					
GSE328779	eye_score	PRIMARY_ROUGH_CELL_TYPE	GSM9689607	616E	Day7_FI	LOX/LOXL2	3859.0	0.6191461326942725					
GSE328779	eye_score	PRIMARY_ROUGH_CELL_TYPE	GSM9689607	616E	Day7_FI	ECM remodeling	3859.0	0.24228338826939114					
GSE328779	eye_score	PRIMARY_ROUGH_CELL_TYPE	GSM9689607	616E	Day7_FI	Keratocyte-associated identity	3859.0	0.5252052717370786					
GSE328779	eye_score	PRIMARY_ROUGH_CELL_TYPE	GSM9689607	616E	Day7_FI	Inflammation-associated response	3859.0	0.10305944516647712					
GSE328779	eye_score	PRIMARY_ROUGH_CELL_TYPE	GSM9689607	616E	Day7_FI	Collagen	3859.0	0.9714453787266183					
GSE328779	eye_score	PRIMARY_ROUGH_CELL_TYPE	GSM9689608	594E	Day7_Control	Contractile	6247.0	0.2506381098863969					
GSE328779	eye_score	PRIMARY_ROUGH_CELL_TYPE	GSM9689608	594E	Day7_Control	Matricellular	6247.0	0.16479722002836947					
GSE328779	eye_score	PRIMARY_ROUGH_CELL_TYPE	GSM9689608	594E	Day7_Control	LOX/LOXL2	6247.0	0.4014460640960707					
GSE328779	eye_score	PRIMARY_ROUGH_CELL_TYPE	GSM9689608	594E	Day7_Control	ECM remodeling	6247.0	0.07103660349629447					
GSE328779	eye_score	PRIMARY_ROUGH_CELL_TYPE	GSM9689608	594E	Day7_Control	Keratocyte-associated identity	6247.0	0.5952652700456641					
GSE328779	eye_score	PRIMARY_ROUGH_CELL_TYPE	GSM9689608	594E	Day7_Control	Inflammation-associated response	6247.0	-0.00436263501846121					
GSE328779	eye_score	PRIMARY_ROUGH_CELL_TYPE	GSM9689608	594E	Day7_Control	Collagen	6247.0	0.6819953846103441					
GSE328779	eye_score	PRIMARY_ROUGH_CELL_TYPE	GSM9689609	616E	Day7_Control	Contractile	3845.0	0.3607001643023009					
GSE328779	eye_score	PRIMARY_ROUGH_CELL_TYPE	GSM9689609	616E	Day7_Control	Matricellular	3845.0	0.23936127663040585					
GSE328779	eye_score	PRIMARY_ROUGH_CELL_TYPE	GSM9689609	616E	Day7_Control	LOX/LOXL2	3845.0	0.5165326613874915					
GSE328779	eye_score	PRIMARY_ROUGH_CELL_TYPE	GSM9689609	616E	Day7_Control	ECM remodeling	3845.0	0.04545402767073687					
GSE328779	eye_score	PRIMARY_ROUGH_CELL_TYPE	GSM9689609	616E	Day7_Control	Keratocyte-associated identity	3845.0	0.5412861378239475					
GSE328779	eye_score	PRIMARY_ROUGH_CELL_TYPE	GSM9689609	616E	Day7_Control	Inflammation-associated response	3845.0	-0.05817961484674771					
GSE328779	eye_score	PRIMARY_ROUGH_CELL_TYPE	GSM9689609	616E	Day7_Control	Collagen	3845.0	0.8954136387582118					
GSE328779	eye_score	PRIMARY_ROUGH_CELL_TYPE	GSM9689610	595E	Day28_FI	Contractile	4430.0	0.3213369205500758					
GSE328779	eye_score	PRIMARY_ROUGH_CELL_TYPE	GSM9689610	595E	Day28_FI	Matricellular	4430.0	0.23858822471242505					
GSE328779	eye_score	PRIMARY_ROUGH_CELL_TYPE	GSM9689610	595E	Day28_FI	LOX/LOXL2	4430.0	0.6552630318914551					
GSE328779	eye_score	PRIMARY_ROUGH_CELL_TYPE	GSM9689610	595E	Day28_FI	ECM remodeling	4430.0	0.1453792764883392					
GSE328779	eye_score	PRIMARY_ROUGH_CELL_TYPE	GSM9689610	595E	Day28_FI	Keratocyte-associated identity	4430.0	0.6638591139672673					
GSE328779	eye_score	PRIMARY_ROUGH_CELL_TYPE	GSM9689610	595E	Day28_FI	Inflammation-associated response	4430.0	0.07370177394183557					
GSE328779	eye_score	PRIMARY_ROUGH_CELL_TYPE	GSM9689610	595E	Day28_FI	Collagen	4430.0	0.9673308804337263					
GSE328779	eye_score	PRIMARY_ROUGH_CELL_TYPE	GSM9689611	596E	Day28_FI	Contractile	2042.0	0.4216697486494222					
GSE328779	eye_score	PRIMARY_ROUGH_CELL_TYPE	GSM9689611	596E	Day28_FI	Matricellular	2042.0	0.2517580346473301					
GSE328779	eye_score	PRIMARY_ROUGH_CELL_TYPE	GSM9689611	596E	Day28_FI	LOX/LOXL2	2042.0	0.5771455851865448					
GSE328779	eye_score	PRIMARY_ROUGH_CELL_TYPE	GSM9689611	596E	Day28_FI	ECM remodeling	2042.0	0.3484306415658981					
GSE328779	eye_score	PRIMARY_ROUGH_CELL_TYPE	GSM9689611	596E	Day28_FI	Keratocyte-associated identity	2042.0	0.6761468683697373					
GSE328779	eye_score	PRIMARY_ROUGH_CELL_TYPE	GSM9689611	596E	Day28_FI	Inflammation-associated response	2042.0	0.11441609819462084					
GSE328779	eye_score	PRIMARY_ROUGH_CELL_TYPE	GSM9689611	596E	Day28_FI	Collagen	2042.0	1.0581157586341199					
GSE328779	eye_score	PRIMARY_ROUGH_CELL_TYPE	GSM9689612	595E	Day28_Control	Contractile	2926.0	0.39992738001832334					
GSE328779	eye_score	PRIMARY_ROUGH_CELL_TYPE	GSM9689612	595E	Day28_Control	Matricellular	2926.0	0.3027558776711824					
GSE328779	eye_score	PRIMARY_ROUGH_CELL_TYPE	GSM9689612	595E	Day28_Control	LOX/LOXL2	2926.0	0.6525809544705657					
GSE328779	eye_score	PRIMARY_ROUGH_CELL_TYPE	GSM9689612	595E	Day28_Control	ECM remodeling	2926.0	0.10851230593945208					
GSE328779	eye_score	PRIMARY_ROUGH_CELL_TYPE	GSM9689612	595E	Day28_Control	Keratocyte-associated identity	2926.0	0.7862843295037248					
GSE328779	eye_score	PRIMARY_ROUGH_CELL_TYPE	GSM9689612	595E	Day28_Control	Inflammation-associated response	2926.0	0.030996458052046573					
GSE328779	eye_score	PRIMARY_ROUGH_CELL_TYPE	GSM9689612	595E	Day28_Control	Collagen	2926.0	1.011054990653545					
GSE328779	eye_score	PRIMARY_ROUGH_CELL_TYPE	GSM9689613	596E	Day28_Control	Contractile	2431.0	0.39181681596547485					
GSE328779	eye_score	PRIMARY_ROUGH_CELL_TYPE	GSM9689613	596E	Day28_Control	Matricellular	2431.0	0.30061648381195505					
GSE328779	eye_score	PRIMARY_ROUGH_CELL_TYPE	GSM9689613	596E	Day28_Control	LOX/LOXL2	2431.0	0.5688076669621728					
GSE328779	eye_score	PRIMARY_ROUGH_CELL_TYPE	GSM9689613	596E	Day28_Control	ECM remodeling	2431.0	0.28545738587561276					
GSE328779	eye_score	PRIMARY_ROUGH_CELL_TYPE	GSM9689613	596E	Day28_Control	Keratocyte-associated identity	2431.0	0.6031072803660329					
GSE328779	eye_score	PRIMARY_ROUGH_CELL_TYPE	GSM9689613	596E	Day28_Control	Inflammation-associated response	2431.0	0.05841619227165623					
GSE328779	eye_score	PRIMARY_ROUGH_CELL_TYPE	GSM9689613	596E	Day28_Control	Collagen	2431.0	1.0402414949889622					
GSE328779	rabbit_residual	PRIMARY_ROUGH_CELL_TYPE	594E	594E	Day7	Contractile	10800.0		0.47180920788333325				
GSE328779	rabbit_residual	PRIMARY_ROUGH_CELL_TYPE	595E	595E	Day28	Contractile	7356.0		-0.07859045946824755				
GSE328779	rabbit_residual	PRIMARY_ROUGH_CELL_TYPE	596E	596E	Day28	Contractile	4473.0		0.029852932683947342				
GSE328779	rabbit_residual	PRIMARY_ROUGH_CELL_TYPE	616E	616E	Day7	Contractile	7704.0		0.28912935439688037				
GSE328779	gate_summary	PRIMARY_ROUGH_CELL_TYPE	day_group_mean			Contractile				0.3804692811401068	-0.024368763392150106	0.4048380445322569	positive
GSE328779	rabbit_residual	PRIMARY_ROUGH_CELL_TYPE	594E	594E	Day7	Matricellular	10800.0		0.12156727356397137				
GSE328779	rabbit_residual	PRIMARY_ROUGH_CELL_TYPE	595E	595E	Day28	Matricellular	7356.0		-0.06416765295875734				
GSE328779	rabbit_residual	PRIMARY_ROUGH_CELL_TYPE	596E	596E	Day28	Matricellular	4473.0		-0.04885844916462495				
GSE328779	rabbit_residual	PRIMARY_ROUGH_CELL_TYPE	616E	616E	Day7	Matricellular	7704.0		0.12205828806084773				
GSE328779	gate_summary	PRIMARY_ROUGH_CELL_TYPE	day_group_mean			Matricellular				0.12181278081240955	-0.05651305106169115	0.1783258318741007	positive
GSE328779	rabbit_residual	PRIMARY_ROUGH_CELL_TYPE	594E	594E	Day7	LOX/LOXL2	10800.0		0.27133563180721926				
GSE328779	rabbit_residual	PRIMARY_ROUGH_CELL_TYPE	595E	595E	Day28	LOX/LOXL2	7356.0		0.0026820774208893283				
GSE328779	rabbit_residual	PRIMARY_ROUGH_CELL_TYPE	596E	596E	Day28	LOX/LOXL2	4473.0		0.00833791822437202				
GSE328779	rabbit_residual	PRIMARY_ROUGH_CELL_TYPE	616E	616E	Day7	LOX/LOXL2	7704.0		0.102613471306781				
GSE328779	gate_summary	PRIMARY_ROUGH_CELL_TYPE	day_group_mean			LOX/LOXL2				0.18697455155700013	0.0055099978226306745	0.18146455373436945	positive
GSE328779	rabbit_residual	PRIMARY_ROUGH_CELL_TYPE	594E	594E	Day7	ECM remodeling	10800.0		0.20815801930608963				
GSE328779	rabbit_residual	PRIMARY_ROUGH_CELL_TYPE	595E	595E	Day28	ECM remodeling	7356.0		0.03686697054888713				
GSE328779	rabbit_residual	PRIMARY_ROUGH_CELL_TYPE	596E	596E	Day28	ECM remodeling	4473.0		0.06297325569028533				
GSE328779	rabbit_residual	PRIMARY_ROUGH_CELL_TYPE	616E	616E	Day7	ECM remodeling	7704.0		0.19682936059865427				
GSE328779	gate_summary	PRIMARY_ROUGH_CELL_TYPE	day_group_mean			ECM remodeling				0.20249368995237194	0.04992011311958623	0.15257357683278572	positive
GSE328779	rabbit_residual	PRIMARY_ROUGH_CELL_TYPE	594E	594E	Day7	Keratocyte-associated identity	10800.0		-0.1415476854065622				
GSE328779	rabbit_residual	PRIMARY_ROUGH_CELL_TYPE	595E	595E	Day28	Keratocyte-associated identity	7356.0		-0.12242521553645758				
GSE328779	rabbit_residual	PRIMARY_ROUGH_CELL_TYPE	596E	596E	Day28	Keratocyte-associated identity	4473.0		0.07303958800370436				
GSE328779	rabbit_residual	PRIMARY_ROUGH_CELL_TYPE	616E	616E	Day7	Keratocyte-associated identity	7704.0		-0.016080866086868872				
GSE328779	gate_summary	PRIMARY_ROUGH_CELL_TYPE	day_group_mean			Keratocyte-associated identity				-0.07881427574671554	-0.02469281376637661	-0.05412146198033893	negative
GSE328779	rabbit_residual	PRIMARY_ROUGH_CELL_TYPE	594E	594E	Day7	Inflammation-associated response	10800.0		0.2159656203947338				
GSE328779	rabbit_residual	PRIMARY_ROUGH_CELL_TYPE	595E	595E	Day28	Inflammation-associated response	7356.0		0.04270531588978899				
GSE328779	rabbit_residual	PRIMARY_ROUGH_CELL_TYPE	596E	596E	Day28	Inflammation-associated response	4473.0		0.05599990592296461				
GSE328779	rabbit_residual	PRIMARY_ROUGH_CELL_TYPE	616E	616E	Day7	Inflammation-associated response	7704.0		0.16123906001322483				
GSE328779	gate_summary	PRIMARY_ROUGH_CELL_TYPE	day_group_mean			Inflammation-associated response				0.1886023402039793	0.0493526109063768	0.13924972929760251	positive
GSE328779	rabbit_residual	PRIMARY_ROUGH_CELL_TYPE	594E	594E	Day7	Collagen	10800.0		0.13651621070526088				
GSE328779	rabbit_residual	PRIMARY_ROUGH_CELL_TYPE	595E	595E	Day28	Collagen	7356.0		-0.04372411021981881				
GSE328779	rabbit_residual	PRIMARY_ROUGH_CELL_TYPE	596E	596E	Day28	Collagen	4473.0		0.01787426364515765				
GSE328779	rabbit_residual	PRIMARY_ROUGH_CELL_TYPE	616E	616E	Day7	Collagen	7704.0		0.07603173996840651				
GSE328779	gate_summary	PRIMARY_ROUGH_CELL_TYPE	day_group_mean			Collagen				0.10627397533683369	-0.01292492328733058	0.11919889862416427	positive
GSE328779	eye_score	NEGSEL_STRICT	GSM9689606	594E	Day7_FI	Contractile	3061.0	0.4839147236886842					
GSE328779	eye_score	NEGSEL_STRICT	GSM9689606	594E	Day7_FI	Matricellular	3061.0	0.10368772734424575					
GSE328779	eye_score	NEGSEL_STRICT	GSM9689606	594E	Day7_FI	LOX/LOXL2	3061.0	0.4482082136183134					
GSE328779	eye_score	NEGSEL_STRICT	GSM9689606	594E	Day7_FI	ECM remodeling	3061.0	0.08782680011650092					
GSE328779	eye_score	NEGSEL_STRICT	GSM9689606	594E	Day7_FI	Keratocyte-associated identity	3061.0	0.2999266977495571					
GSE328779	eye_score	NEGSEL_STRICT	GSM9689606	594E	Day7_FI	Inflammation-associated response	3061.0	0.15072888687460564					
GSE328779	eye_score	NEGSEL_STRICT	GSM9689606	594E	Day7_FI	Collagen	3061.0	0.5593541139176772					
GSE328779	eye_score	NEGSEL_STRICT	GSM9689607	616E	Day7_FI	Contractile	2473.0	0.4491206289664018					
GSE328779	eye_score	NEGSEL_STRICT	GSM9689607	616E	Day7_FI	Matricellular	2473.0	0.19715973925627528					
GSE328779	eye_score	NEGSEL_STRICT	GSM9689607	616E	Day7_FI	LOX/LOXL2	2473.0	0.4641973364458865					
GSE328779	eye_score	NEGSEL_STRICT	GSM9689607	616E	Day7_FI	ECM remodeling	2473.0	0.09405091500080552					
GSE328779	eye_score	NEGSEL_STRICT	GSM9689607	616E	Day7_FI	Keratocyte-associated identity	2473.0	0.4197752054927912					
GSE328779	eye_score	NEGSEL_STRICT	GSM9689607	616E	Day7_FI	Inflammation-associated response	2473.0	0.04428538883498441					
GSE328779	eye_score	NEGSEL_STRICT	GSM9689607	616E	Day7_FI	Collagen	2473.0	0.7971762775645403					
GSE328779	eye_score	NEGSEL_STRICT	GSM9689608	594E	Day7_Control	Contractile	5100.0	0.13869564085436115					
GSE328779	eye_score	NEGSEL_STRICT	GSM9689608	594E	Day7_Control	Matricellular	5100.0	0.061299718075793166					
GSE328779	eye_score	NEGSEL_STRICT	GSM9689608	594E	Day7_Control	LOX/LOXL2	5100.0	0.2873548242742981					
GSE328779	eye_score	NEGSEL_STRICT	GSM9689608	594E	Day7_Control	ECM remodeling	5100.0	-0.012244238887242213					
GSE328779	eye_score	NEGSEL_STRICT	GSM9689608	594E	Day7_Control	Keratocyte-associated identity	5100.0	0.43682742461134827					
GSE328779	eye_score	NEGSEL_STRICT	GSM9689608	594E	Day7_Control	Inflammation-associated response	5100.0	-0.037764090541808806					
GSE328779	eye_score	NEGSEL_STRICT	GSM9689608	594E	Day7_Control	Collagen	5100.0	0.4935049234937886					
GSE328779	eye_score	NEGSEL_STRICT	GSM9689609	616E	Day7_Control	Contractile	2941.0	0.23827913389660763					
GSE328779	eye_score	NEGSEL_STRICT	GSM9689609	616E	Day7_Control	Matricellular	2941.0	0.11825843159714362					
GSE328779	eye_score	NEGSEL_STRICT	GSM9689609	616E	Day7_Control	LOX/LOXL2	2941.0	0.4070405567436843					
GSE328779	eye_score	NEGSEL_STRICT	GSM9689609	616E	Day7_Control	ECM remodeling	2941.0	-0.0553982210559663					
GSE328779	eye_score	NEGSEL_STRICT	GSM9689609	616E	Day7_Control	Keratocyte-associated identity	2941.0	0.37769129540005136					
GSE328779	eye_score	NEGSEL_STRICT	GSM9689609	616E	Day7_Control	Inflammation-associated response	2941.0	-0.10598623857255728					
GSE328779	eye_score	NEGSEL_STRICT	GSM9689609	616E	Day7_Control	Collagen	2941.0	0.7099193737164928					
GSE328779	eye_score	NEGSEL_STRICT	GSM9689610	595E	Day28_FI	Contractile	2921.0	0.17222069390191572					
GSE328779	eye_score	NEGSEL_STRICT	GSM9689610	595E	Day28_FI	Matricellular	2921.0	0.08875670625863151					
GSE328779	eye_score	NEGSEL_STRICT	GSM9689610	595E	Day28_FI	LOX/LOXL2	2921.0	0.45045631366908817					
GSE328779	eye_score	NEGSEL_STRICT	GSM9689610	595E	Day28_FI	ECM remodeling	2921.0	0.01568103332151184					
GSE328779	eye_score	NEGSEL_STRICT	GSM9689610	595E	Day28_FI	Keratocyte-associated identity	2921.0	0.4709402724201964					
GSE328779	eye_score	NEGSEL_STRICT	GSM9689610	595E	Day28_FI	Inflammation-associated response	2921.0	0.02130465890838352					
GSE328779	eye_score	NEGSEL_STRICT	GSM9689610	595E	Day28_FI	Collagen	2921.0	0.6883433316259374					
GSE328779	eye_score	NEGSEL_STRICT	GSM9689611	596E	Day28_FI	Contractile	1563.0	0.2977775324839778					
GSE328779	eye_score	NEGSEL_STRICT	GSM9689611	596E	Day28_FI	Matricellular	1563.0	0.14157299115147112					
GSE328779	eye_score	NEGSEL_STRICT	GSM9689611	596E	Day28_FI	LOX/LOXL2	1563.0	0.45172815162616636					
GSE328779	eye_score	NEGSEL_STRICT	GSM9689611	596E	Day28_FI	ECM remodeling	1563.0	0.22473784803523905					
GSE328779	eye_score	NEGSEL_STRICT	GSM9689611	596E	Day28_FI	Keratocyte-associated identity	1563.0	0.5163326178460715					
GSE328779	eye_score	NEGSEL_STRICT	GSM9689611	596E	Day28_FI	Inflammation-associated response	1563.0	0.07499611152931307					
GSE328779	eye_score	NEGSEL_STRICT	GSM9689611	596E	Day28_FI	Collagen	1563.0	0.8551789881788637					
GSE328779	eye_score	NEGSEL_STRICT	GSM9689612	595E	Day28_Control	Contractile	1794.0	0.26821831904458043					
GSE328779	eye_score	NEGSEL_STRICT	GSM9689612	595E	Day28_Control	Matricellular	1794.0	0.16962292841943302					
GSE328779	eye_score	NEGSEL_STRICT	GSM9689612	595E	Day28_Control	LOX/LOXL2	1794.0	0.513046266379499					
GSE328779	eye_score	NEGSEL_STRICT	GSM9689612	595E	Day28_Control	ECM remodeling	1794.0	-0.00874272310510278					
GSE328779	eye_score	NEGSEL_STRICT	GSM9689612	595E	Day28_Control	Keratocyte-associated identity	1794.0	0.5959827554426237					
GSE328779	eye_score	NEGSEL_STRICT	GSM9689612	595E	Day28_Control	Inflammation-associated response	1794.0	-0.022103448736286283					
GSE328779	eye_score	NEGSEL_STRICT	GSM9689612	595E	Day28_Control	Collagen	1794.0	0.8025564194793227					
GSE328779	eye_score	NEGSEL_STRICT	GSM9689613	596E	Day28_Control	Contractile	1749.0	0.3171332779234431					
GSE328779	eye_score	NEGSEL_STRICT	GSM9689613	596E	Day28_Control	Matricellular	1749.0	0.21560027049906288					
GSE328779	eye_score	NEGSEL_STRICT	GSM9689613	596E	Day28_Control	LOX/LOXL2	1749.0	0.5271923271073282					
GSE328779	eye_score	NEGSEL_STRICT	GSM9689613	596E	Day28_Control	ECM remodeling	1749.0	0.18709682747046683					
GSE328779	eye_score	NEGSEL_STRICT	GSM9689613	596E	Day28_Control	Keratocyte-associated identity	1749.0	0.49612103687306375					
GSE328779	eye_score	NEGSEL_STRICT	GSM9689613	596E	Day28_Control	Inflammation-associated response	1749.0	0.01648562980115467					
GSE328779	eye_score	NEGSEL_STRICT	GSM9689613	596E	Day28_Control	Collagen	1749.0	0.9599352630425217					
GSE328779	rabbit_residual	NEGSEL_STRICT	594E	594E	Day7	Contractile	8161.0		0.34521908283432307				
GSE328779	rabbit_residual	NEGSEL_STRICT	595E	595E	Day28	Contractile	4715.0		-0.09599762514266472				
GSE328779	rabbit_residual	NEGSEL_STRICT	596E	596E	Day28	Contractile	3312.0		-0.019355745439465277				
GSE328779	rabbit_residual	NEGSEL_STRICT	616E	616E	Day7	Contractile	5414.0		0.2108414950697942				
GSE328779	gate_summary	NEGSEL_STRICT	day_group_mean			Contractile				0.2780302889520586	-0.057676685291065	0.3357069742431236	positive
GSE328779	rabbit_residual	NEGSEL_STRICT	594E	594E	Day7	Matricellular	8161.0		0.042388009268452584				
GSE328779	rabbit_residual	NEGSEL_STRICT	595E	595E	Day28	Matricellular	4715.0		-0.08086622216080151				
GSE328779	rabbit_residual	NEGSEL_STRICT	596E	596E	Day28	Matricellular	3312.0		-0.07402727934759176				
GSE328779	rabbit_residual	NEGSEL_STRICT	616E	616E	Day7	Matricellular	5414.0		0.07890130765913166				
GSE328779	gate_summary	NEGSEL_STRICT	day_group_mean			Matricellular				0.06064465846379212	-0.07744675075419663	0.13809140921798874	positive
GSE328779	rabbit_residual	NEGSEL_STRICT	594E	594E	Day7	LOX/LOXL2	8161.0		0.16085338934401533				
GSE328779	rabbit_residual	NEGSEL_STRICT	595E	595E	Day28	LOX/LOXL2	4715.0		-0.06258995271041085				
GSE328779	rabbit_residual	NEGSEL_STRICT	596E	596E	Day28	LOX/LOXL2	3312.0		-0.07546417548116185				
GSE328779	rabbit_residual	NEGSEL_STRICT	616E	616E	Day7	LOX/LOXL2	5414.0		0.05715677970220223				
GSE328779	gate_summary	NEGSEL_STRICT	day_group_mean			LOX/LOXL2				0.10900508452310878	-0.06902706409578635	0.17803214861889513	positive
GSE328779	rabbit_residual	NEGSEL_STRICT	594E	594E	Day7	ECM remodeling	8161.0		0.10007103900374313				
GSE328779	rabbit_residual	NEGSEL_STRICT	595E	595E	Day28	ECM remodeling	4715.0		0.024423756426614616				
GSE328779	rabbit_residual	NEGSEL_STRICT	596E	596E	Day28	ECM remodeling	3312.0		0.037641020564772226				
GSE328779	rabbit_residual	NEGSEL_STRICT	616E	616E	Day7	ECM remodeling	5414.0		0.14944913605677182				
GSE328779	gate_summary	NEGSEL_STRICT	day_group_mean			ECM remodeling				0.12476008753025747	0.03103238849569342	0.09372769903456404	positive
GSE328779	rabbit_residual	NEGSEL_STRICT	594E	594E	Day7	Keratocyte-associated identity	8161.0		-0.13690072686179117				
GSE328779	rabbit_residual	NEGSEL_STRICT	595E	595E	Day28	Keratocyte-associated identity	4715.0		-0.12504248302242726				
GSE328779	rabbit_residual	NEGSEL_STRICT	596E	596E	Day28	Keratocyte-associated identity	3312.0		0.020211580973007792				
GSE328779	rabbit_residual	NEGSEL_STRICT	616E	616E	Day7	Keratocyte-associated identity	5414.0		0.04208391009273982				
GSE328779	gate_summary	NEGSEL_STRICT	day_group_mean			Keratocyte-associated identity				-0.047408408384525674	-0.052415451024709736	0.005007042640184062	positive
GSE328779	rabbit_residual	NEGSEL_STRICT	594E	594E	Day7	Inflammation-associated response	8161.0		0.18849297741641446				
GSE328779	rabbit_residual	NEGSEL_STRICT	595E	595E	Day28	Inflammation-associated response	4715.0		0.043408107644669805				
GSE328779	rabbit_residual	NEGSEL_STRICT	596E	596E	Day28	Inflammation-associated response	3312.0		0.0585104817281584				
GSE328779	rabbit_residual	NEGSEL_STRICT	616E	616E	Day7	Inflammation-associated response	5414.0		0.15027162740754169				
GSE328779	gate_summary	NEGSEL_STRICT	day_group_mean			Inflammation-associated response				0.16938230241197808	0.0509592946864141	0.11842300772556397	positive
GSE328779	rabbit_residual	NEGSEL_STRICT	594E	594E	Day7	Collagen	8161.0		0.06584919042388859				
GSE328779	rabbit_residual	NEGSEL_STRICT	595E	595E	Day28	Collagen	4715.0		-0.11421308785338524				
GSE328779	rabbit_residual	NEGSEL_STRICT	596E	596E	Day28	Collagen	3312.0		-0.10475627486365802				
GSE328779	rabbit_residual	NEGSEL_STRICT	616E	616E	Day7	Collagen	5414.0		0.08725690384804752				
GSE328779	gate_summary	NEGSEL_STRICT	day_group_mean			Collagen				0.07655304713596806	-0.10948468135852163	0.18603772849448968	positive
GSE328779	eye_score	NEGSEL_PERMISSIVE	GSM9689606	594E	Day7_FI	Contractile	5973.0	0.33232585864002084					
GSE328779	eye_score	NEGSEL_PERMISSIVE	GSM9689606	594E	Day7_FI	Matricellular	5973.0	0.11547269328056992					
GSE328779	eye_score	NEGSEL_PERMISSIVE	GSM9689606	594E	Day7_FI	LOX/LOXL2	5973.0	0.27561030263527014					
GSE328779	eye_score	NEGSEL_PERMISSIVE	GSM9689606	594E	Day7_FI	ECM remodeling	5973.0	0.14210651575174152					
GSE328779	eye_score	NEGSEL_PERMISSIVE	GSM9689606	594E	Day7_FI	Keratocyte-associated identity	5973.0	0.11397785522344835					
GSE328779	eye_score	NEGSEL_PERMISSIVE	GSM9689606	594E	Day7_FI	Inflammation-associated response	5973.0	0.13422267080474662					
GSE328779	eye_score	NEGSEL_PERMISSIVE	GSM9689606	594E	Day7_FI	Collagen	5973.0	0.2749534823317576					
GSE328779	eye_score	NEGSEL_PERMISSIVE	GSM9689607	616E	Day7_FI	Contractile	6239.0	0.18132464901566128					
GSE328779	eye_score	NEGSEL_PERMISSIVE	GSM9689607	616E	Day7_FI	Matricellular	6239.0	0.09533675781332908					
GSE328779	eye_score	NEGSEL_PERMISSIVE	GSM9689607	616E	Day7_FI	LOX/LOXL2	6239.0	0.1268405826578123					
GSE328779	eye_score	NEGSEL_PERMISSIVE	GSM9689607	616E	Day7_FI	ECM remodeling	6239.0	0.09746865899413609					
GSE328779	eye_score	NEGSEL_PERMISSIVE	GSM9689607	616E	Day7_FI	Keratocyte-associated identity	6239.0	0.07726338307502703					
GSE328779	eye_score	NEGSEL_PERMISSIVE	GSM9689607	616E	Day7_FI	Inflammation-associated response	6239.0	-0.027612736350760527					
GSE328779	eye_score	NEGSEL_PERMISSIVE	GSM9689607	616E	Day7_FI	Collagen	6239.0	0.20749842827268683					
GSE328779	eye_score	NEGSEL_PERMISSIVE	GSM9689608	594E	Day7_Control	Contractile	8908.0	0.008383406179936574					
GSE328779	eye_score	NEGSEL_PERMISSIVE	GSM9689608	594E	Day7_Control	Matricellular	8908.0	0.00014632565368483477					
GSE328779	eye_score	NEGSEL_PERMISSIVE	GSM9689608	594E	Day7_Control	LOX/LOXL2	8908.0	0.07019782865686086					
GSE328779	eye_score	NEGSEL_PERMISSIVE	GSM9689608	594E	Day7_Control	ECM remodeling	8908.0	-0.029768369612680295					
GSE328779	eye_score	NEGSEL_PERMISSIVE	GSM9689608	594E	Day7_Control	Keratocyte-associated identity	8908.0	0.20729024298056603					
GSE328779	eye_score	NEGSEL_PERMISSIVE	GSM9689608	594E	Day7_Control	Inflammation-associated response	8908.0	-0.04873116373563145					
GSE328779	eye_score	NEGSEL_PERMISSIVE	GSM9689608	594E	Day7_Control	Collagen	8908.0	0.15193704526590388					
GSE328779	eye_score	NEGSEL_PERMISSIVE	GSM9689609	616E	Day7_Control	Contractile	6275.0	0.020428705026035665					
GSE328779	eye_score	NEGSEL_PERMISSIVE	GSM9689609	616E	Day7_Control	Matricellular	6275.0	0.0006358292439683583					
GSE328779	eye_score	NEGSEL_PERMISSIVE	GSM9689609	616E	Day7_Control	LOX/LOXL2	6275.0	0.08599211059101947					
GSE328779	eye_score	NEGSEL_PERMISSIVE	GSM9689609	616E	Day7_Control	ECM remodeling	6275.0	-0.06805681961449002					
GSE328779	eye_score	NEGSEL_PERMISSIVE	GSM9689609	616E	Day7_Control	Keratocyte-associated identity	6275.0	0.04398121745959041					
GSE328779	eye_score	NEGSEL_PERMISSIVE	GSM9689609	616E	Day7_Control	Inflammation-associated response	6275.0	-0.1463073816324635					
GSE328779	eye_score	NEGSEL_PERMISSIVE	GSM9689609	616E	Day7_Control	Collagen	6275.0	0.14747426223167118					
GSE328779	eye_score	NEGSEL_PERMISSIVE	GSM9689610	595E	Day28_FI	Contractile	6606.0	0.04007688228651482					
GSE328779	eye_score	NEGSEL_PERMISSIVE	GSM9689610	595E	Day28_FI	Matricellular	6606.0	0.04616895191101053					
GSE328779	eye_score	NEGSEL_PERMISSIVE	GSM9689610	595E	Day28_FI	LOX/LOXL2	6606.0	0.19889861348777715					
GSE328779	eye_score	NEGSEL_PERMISSIVE	GSM9689610	595E	Day28_FI	ECM remodeling	6606.0	-0.01566073937204454					
GSE328779	eye_score	NEGSEL_PERMISSIVE	GSM9689610	595E	Day28_FI	Keratocyte-associated identity	6606.0	0.22563692467414137					
GSE328779	eye_score	NEGSEL_PERMISSIVE	GSM9689610	595E	Day28_FI	Inflammation-associated response	6606.0	-0.024264397820184722					
GSE328779	eye_score	NEGSEL_PERMISSIVE	GSM9689610	595E	Day28_FI	Collagen	6606.0	0.30376162493739456					
GSE328779	eye_score	NEGSEL_PERMISSIVE	GSM9689611	596E	Day28_FI	Contractile	3727.0	0.047465056439559325					
GSE328779	eye_score	NEGSEL_PERMISSIVE	GSM9689611	596E	Day28_FI	Matricellular	3727.0	0.02245950452258105					
GSE328779	eye_score	NEGSEL_PERMISSIVE	GSM9689611	596E	Day28_FI	LOX/LOXL2	3727.0	0.08372501394424546					
GSE328779	eye_score	NEGSEL_PERMISSIVE	GSM9689611	596E	Day28_FI	ECM remodeling	3727.0	0.06762427900343711					
GSE328779	eye_score	NEGSEL_PERMISSIVE	GSM9689611	596E	Day28_FI	Keratocyte-associated identity	3727.0	0.13354475930522278					
GSE328779	eye_score	NEGSEL_PERMISSIVE	GSM9689611	596E	Day28_FI	Inflammation-associated response	3727.0	0.005178609078605907					
GSE328779	eye_score	NEGSEL_PERMISSIVE	GSM9689611	596E	Day28_FI	Collagen	3727.0	0.21801194171216876					
GSE328779	eye_score	NEGSEL_PERMISSIVE	GSM9689612	595E	Day28_Control	Contractile	4504.0	0.020142248384842482					
GSE328779	eye_score	NEGSEL_PERMISSIVE	GSM9689612	595E	Day28_Control	Matricellular	4504.0	0.03387424795837887					
GSE328779	eye_score	NEGSEL_PERMISSIVE	GSM9689612	595E	Day28_Control	LOX/LOXL2	4504.0	0.1275446129006478					
GSE328779	eye_score	NEGSEL_PERMISSIVE	GSM9689612	595E	Day28_Control	ECM remodeling	4504.0	-0.07704503594293986					
GSE328779	eye_score	NEGSEL_PERMISSIVE	GSM9689612	595E	Day28_Control	Keratocyte-associated identity	4504.0	0.16760116404366218					
GSE328779	eye_score	NEGSEL_PERMISSIVE	GSM9689612	595E	Day28_Control	Inflammation-associated response	4504.0	-0.08188307705141475					
GSE328779	eye_score	NEGSEL_PERMISSIVE	GSM9689612	595E	Day28_Control	Collagen	4504.0	0.1899382839834231					
GSE328779	eye_score	NEGSEL_PERMISSIVE	GSM9689613	596E	Day28_Control	Contractile	4097.0	0.046231334138023786					
GSE328779	eye_score	NEGSEL_PERMISSIVE	GSM9689613	596E	Day28_Control	Matricellular	4097.0	0.07141121112388893					
GSE328779	eye_score	NEGSEL_PERMISSIVE	GSM9689613	596E	Day28_Control	LOX/LOXL2	4097.0	0.10044128475182143					
GSE328779	eye_score	NEGSEL_PERMISSIVE	GSM9689613	596E	Day28_Control	ECM remodeling	4097.0	0.06630573387311862					
GSE328779	eye_score	NEGSEL_PERMISSIVE	GSM9689613	596E	Day28_Control	Keratocyte-associated identity	4097.0	0.09580456037593865					
GSE328779	eye_score	NEGSEL_PERMISSIVE	GSM9689613	596E	Day28_Control	Inflammation-associated response	4097.0	-0.02409050851366567					
GSE328779	eye_score	NEGSEL_PERMISSIVE	GSM9689613	596E	Day28_Control	Collagen	4097.0	0.23566470363771408					
GSE328779	rabbit_residual	NEGSEL_PERMISSIVE	594E	594E	Day7	Contractile	14881.0		0.3239424524600843				
GSE328779	rabbit_residual	NEGSEL_PERMISSIVE	595E	595E	Day28	Contractile	11110.0		0.019934633901672338				
GSE328779	rabbit_residual	NEGSEL_PERMISSIVE	596E	596E	Day28	Contractile	7824.0		0.0012337223015355392				
GSE328779	rabbit_residual	NEGSEL_PERMISSIVE	616E	616E	Day7	Contractile	12514.0		0.16089594398962562				
GSE328779	gate_summary	NEGSEL_PERMISSIVE	day_group_mean			Contractile				0.24241919822485497	0.010584178101603938	0.23183502012325102	positive
GSE328779	rabbit_residual	NEGSEL_PERMISSIVE	594E	594E	Day7	Matricellular	14881.0		0.11532636762688508				
GSE328779	rabbit_residual	NEGSEL_PERMISSIVE	595E	595E	Day28	Matricellular	11110.0		0.012294703952631658				
GSE328779	rabbit_residual	NEGSEL_PERMISSIVE	596E	596E	Day28	Matricellular	7824.0		-0.048951706601307876				
GSE328779	rabbit_residual	NEGSEL_PERMISSIVE	616E	616E	Day7	Matricellular	12514.0		0.09470092856936072				
GSE328779	gate_summary	NEGSEL_PERMISSIVE	day_group_mean			Matricellular				0.1050136480981229	-0.01832850132433811	0.12334214942246101	positive
GSE328779	rabbit_residual	NEGSEL_PERMISSIVE	594E	594E	Day7	LOX/LOXL2	14881.0		0.20541247397840928				
GSE328779	rabbit_residual	NEGSEL_PERMISSIVE	595E	595E	Day28	LOX/LOXL2	11110.0		0.07135400058712935				
GSE328779	rabbit_residual	NEGSEL_PERMISSIVE	596E	596E	Day28	LOX/LOXL2	7824.0		-0.01671627080757597				
GSE328779	rabbit_residual	NEGSEL_PERMISSIVE	616E	616E	Day7	LOX/LOXL2	12514.0		0.040848472066792846				
GSE328779	gate_summary	NEGSEL_PERMISSIVE	day_group_mean			LOX/LOXL2				0.12313047302260106	0.027318864889776688	0.09581160813282438	positive
GSE328779	rabbit_residual	NEGSEL_PERMISSIVE	594E	594E	Day7	ECM remodeling	14881.0		0.1718748853644218				
GSE328779	rabbit_residual	NEGSEL_PERMISSIVE	595E	595E	Day28	ECM remodeling	11110.0		0.06138429657089532				
GSE328779	rabbit_residual	NEGSEL_PERMISSIVE	596E	596E	Day28	ECM remodeling	7824.0		0.0013185451303184825				
GSE328779	rabbit_residual	NEGSEL_PERMISSIVE	616E	616E	Day7	ECM remodeling	12514.0		0.1655254786086261				
GSE328779	gate_summary	NEGSEL_PERMISSIVE	day_group_mean			ECM remodeling				0.16870018198652395	0.0313514208506069	0.13734876113591704	positive
GSE328779	rabbit_residual	NEGSEL_PERMISSIVE	594E	594E	Day7	Keratocyte-associated identity	14881.0		-0.09331238775711768				
GSE328779	rabbit_residual	NEGSEL_PERMISSIVE	595E	595E	Day28	Keratocyte-associated identity	11110.0		0.05803576063047919				
GSE328779	rabbit_residual	NEGSEL_PERMISSIVE	596E	596E	Day28	Keratocyte-associated identity	7824.0		0.037740198929284124				
GSE328779	rabbit_residual	NEGSEL_PERMISSIVE	616E	616E	Day7	Keratocyte-associated identity	12514.0		0.03328216561543662				
GSE328779	gate_summary	NEGSEL_PERMISSIVE	day_group_mean			Keratocyte-associated identity				-0.030015111070840532	0.047887979779881656	-0.0779030908507222	negative
GSE328779	rabbit_residual	NEGSEL_PERMISSIVE	594E	594E	Day7	Inflammation-associated response	14881.0		0.18295383454037806				
GSE328779	rabbit_residual	NEGSEL_PERMISSIVE	595E	595E	Day28	Inflammation-associated response	11110.0		0.05761867923123003				
GSE328779	rabbit_residual	NEGSEL_PERMISSIVE	596E	596E	Day28	Inflammation-associated response	7824.0		0.029269117592271576				
GSE328779	rabbit_residual	NEGSEL_PERMISSIVE	616E	616E	Day7	Inflammation-associated response	12514.0		0.11869464528170298				
GSE328779	gate_summary	NEGSEL_PERMISSIVE	day_group_mean			Inflammation-associated response				0.15082423991104052	0.0434438984117508	0.10738034149928971	positive
GSE328779	rabbit_residual	NEGSEL_PERMISSIVE	594E	594E	Day7	Collagen	14881.0		0.12301643706585372				
GSE328779	rabbit_residual	NEGSEL_PERMISSIVE	595E	595E	Day28	Collagen	11110.0		0.11382334095397145				
GSE328779	rabbit_residual	NEGSEL_PERMISSIVE	596E	596E	Day28	Collagen	7824.0		-0.017652761925545324				
GSE328779	rabbit_residual	NEGSEL_PERMISSIVE	616E	616E	Day7	Collagen	12514.0		0.06002416604101565				
GSE328779	gate_summary	NEGSEL_PERMISSIVE	day_group_mean			Collagen				0.09152030155343469	0.048085289514213064	0.04343501203922162	positive
